page;field_text;code
1;WB_1441001620;ВЭ-3811-1
2;WB_1441001621;ВЭ-3811-2
3;WB_1441001622;ВЭ-3811-3
4;WB_1441001623;ВЭ-3812-1
5;WB_1441001624;ВЭ-3812-2
6;WB_1441001625;ВЭ-3812-3
7;WB_1441001626;ВЭ-3812-4
8;WB_1441001627;ВЭ-3813-1
9;WB_1441001628;ВЭ-3813-2
10;WB_1441001629;ВЭ-3813-3
11;WB_1441001630;ВЭ-3813-4
12;WB_1441001631;ВЭ-3814-1
13;WB_1441001632;ВЭ-3814-2
14;WB_1441001633;ВЭ-3814-3
15;WB_1441001634;ВЭ-3814-4
16;WB_1441001635;ВЭ-3815-1
17;WB_1441001636;ВЭ-3815-2
18;WB_1441001637;ВЭ-3815-3
19;WB_1441001638;ВЭ-3815-4
20;WB_1441001639;ВЭ-3816-1
21;WB_1441001640;ВЭ-3816-2
22;WB_1441001641;ВЭ-3816-3
23;WB_1441001642;ВЭ-3816-4
24;WB_1441001643;ВЭ-3817-1
25;WB_1441001644;ВЭ-3817-2
26;WB_1441001645;ВЭ-3817-3
27;WB_1441001646;ВЭ-3818-1
28;WB_1441001647;ВЭ-3818-2
29;WB_1441001648;ВЭ-3818-3
30;WB_1441001649;ВЭ-3819-1
31;WB_1441001650;ВЭ-3819-2
32;WB_1441001651;ВЭ-3819-3
33;WB_1441001652;ВЭ-3820-1
34;WB_1441001653;ВЭ-3820-2
35;WB_1441001654;ВЭ-3820-3
36;WB_1441001655;ВЭ-3821-1
37;WB_1441001656;ВЭ-3821-2
38;WB_1441001657;ВЭ-3821-3
39;WB_1441001658;ВЭ-3822-1
40;WB_1441001659;ВЭ-3822-2
41;WB_1441001660;ВЭ-3822-3
42;WB_1441001661;ВЭ-3823-1
43;WB_1441001662;ВЭ-3823-2
44;WB_1441001663;ВЭ-3823-3
45;WB_1441001664;ВЭ-3823-4
46;WB_1441001665;ВЭ-3824-1
47;WB_1441001666;ВЭ-3824-2
48;WB_1441001667;ВЭ-3824-3
49;WB_1441001668;ВЭ-3824-4
50;WB_1441001669;ВЭ-3825-1
51;WB_1441001670;ВЭ-3825-2
52;WB_1441001671;ВЭ-3825-3
53;WB_1441001672;ВЭ-3825-4
54;WB_1441001673;ВЭ-3826-1
55;WB_1441001674;ВЭ-3826-2
56;WB_1441001675;ВЭ-3826-3
57;WB_1441001676;ВЭ-3826-4
58;WB_1441001677;ВЭ-3827-1
59;WB_1441001678;ВЭ-3827-2
60;WB_1441001679;ВЭ-3827-3
61;WB_1441001680;ВЭ-3827-4
62;WB_1441001681;ВЭ-3828-1
63;WB_1441001682;ВЭ-3828-2
64;WB_1441001683;ВЭ-3828-3
65;WB_1441001684;ВЭ-3828-4
66;WB_1441001685;ВЭ-3829-1
67;WB_1441001686;ВЭ-3829-2
68;WB_1441001687;ВЭ-3829-3
69;WB_1441001688;ВЭ-3829-4
70;WB_1441001689;ВЭ-3830-1
71;WB_1441001690;ВЭ-3830-2
72;WB_1441001691;ВЭ-3830-3
73;WB_1441001692;ВЭ-3830-4
74;WB_1441001693;ВЭ-3831-1
75;WB_1441001694;ВЭ-3831-2
76;WB_1441001695;ВЭ-3831-3
77;WB_1441001696;ВЭ-3832-1
78;WB_1441001697;ВЭ-3832-2
79;WB_1441001698;ВЭ-3832-3
80;WB_1441001699;ВЭ-3833-1
81;WB_1441001700;ВЭ-3833-2
82;WB_1441001701;ВЭ-3833-3
83;WB_1441001702;ВЭ-3834-1
84;WB_1441001703;ВЭ-3834-2
85;WB_1441001704;ВЭ-3834-3
86;WB_1441001705;ВЭ-3835-1
87;WB_1441001706;ВЭ-3835-2
88;WB_1441001707;ВЭ-3835-3
89;WB_1441001708;ВЭ-3836-1
90;WB_1441001709;ВЭ-3836-2
91;WB_1441001710;ВЭ-3836-3
92;WB_1441001711;ВЭ-3837-1
93;WB_1441001712;ВЭ-3837-2
94;WB_1441001713;ВЭ-3837-3
95;WB_1441001714;ВЭ-3838-1
96;WB_1441001715;ВЭ-3838-2
97;WB_1441001716;ВЭ-3838-3
98;WB_1441001717;ВЭ-3839-1
99;WB_1441001718;ВЭ-3839-2
100;WB_1441001719;ВЭ-3839-3
101;WB_1441001720;ВЭ-3840-1
102;WB_1441001721;ВЭ-3840-2
103;WB_1441001722;ВЭ-3840-3
104;WB_1441001723;ВЭ-3841-1
105;WB_1441001724;ВЭ-3841-2
106;WB_1441001725;ВЭ-3841-3
107;WB_1441001726;ВЭ-3841-4
108;WB_1441001727;ВЭ-3842-1
109;WB_1441001728;ВЭ-3842-2
110;WB_1441001729;ВЭ-3842-3
