Штрихкод;Номер короба
1000000000031460000;ОЭ 2174-1
1000000000031460000;ОЭ 2174-2
1000000000031460000;ОЭ 2174-3
1000000000031460000;ОЭ 2175-1
1000000000031460000;ОЭ 2175-2
1000000000031460000;ОЭ 2175-3
1000000000031460000;ОЭ 2176-1
1000000000031460000;ОЭ 2176-2
1000000000031460000;ОЭ 2176-3
1000000000031460000;ОЭ 2177
1000000000031460000;ОЭ 2178
1000000000031460000;ОЭ 2179
1000000000031460000;ОЭ 2180
1000000000031460000;ОЭ 2181
1000000000031460000;ОЭ 2182
1000000000031460000;ОЭ 2183
1000000000031460000;ОЭ 2184
1000000000031460000;ОЭ 2185
1000000000031460000;ОЭ 2186
1000000000031460000;ОЭ 2187
